{"timestamp": "2026-03-27T15:43:22.028883", "n_samples": 6, "n_anomalies": 1, "anomaly_percentage": 16.666666666666664, "ml_runs_total": 42, "anomalies_total": 42}