{"timestamp": "2026-03-27T15:43:11.806776", "forecasts": {"avg_latency": {"forecast": -16133.924995744168, "upper": -13825.187410747512, "lower": -18300.97978837149, "trend": "down"}, "avg_cpu_usage": {"forecast": 0.0, "upper": 8.35364049446518e-06, "lower": -7.495292854284047e-06, "trend": "down"}, "avg_memory_usage": {"forecast": -1010.5921708823489, "upper": -991.9953353792249, "lower": -1028.9892137431914, "trend": "down"}, "avg_queue_depth": {"forecast": 39332.53060756908, "upper": 40293.21443278338, "lower": 38425.51521123848, "trend": "up"}}, "prophet_runs_total": 19}